unitid,name,state,fips,year,longitude,latitude,undergrad,inst_size,tuition,total_in_state,total_out_state,net_cost,grad_rate_6,instructors
100654,Alabama A & M University,AL,1,2023,-86.568502,34.783368,5845,3,10024,27482,36092,14064,29,304
100724,Alabama State University,AL,1,2023,-86.295677,32.364317,3322,2,11248,23930,32258,13504,30,243
100812,Athens State University,AL,1,2023,-86.964698,34.806793,2531,2,,,,,,121
100858,Auburn University,AL,1,2023,-85.488258,32.599378,26874,5,12536,35298,56706,24524,79,1553
100830,Auburn University at Montgomery,AL,1,2023,-86.177544,32.36736,3407,3,9436,22782,33438,15458,36,263
101480,Jacksonville State University,AL,1,2023,-85.765321,33.822938,8378,3,12426,24824,35114,14511,51,406
100751,The University of Alabama,AL,1,2023,-87.545978,33.211875,33435,5,11900,33382,54682,21761,74,1804
102368,Troy University,AL,1,2023,-85.95802,31.799583,10468,4,9792,24158,33950,12504,46,608
100663,University of Alabama at Birmingham,AL,1,2023,-86.799345,33.505697,12382,5,8832,29379,42411,17413,62,2906
100706,University of Alabama in Huntsville,AL,1,2023,-86.640449,34.724557,6851,3,11770,29770,42662,19847,62,433
101709,University of Montevallo,AL,1,2023,-86.865099,33.10625,2545,2,13710,29138,42158,17280,49,179
101879,University of North Alabama,AL,1,2023,-87.680407,34.80731,7451,4,11990,24790,34990,10441,54,394
102094,University of South Alabama,AL,1,2023,-88.178711,30.696033,8914,4,9676,25809,34785,13613,52,914
101587,University of West Alabama,AL,1,2023,-88.186329,32.588132,2673,3,10990,23962,33062,14781,37,194
106458,Arkansas State University,AR,5,2023,-90.679988,35.842388,8760,4,7754,26226,32298,13002,53,577
106467,Arkansas Tech University,AR,5,2023,-93.13562,35.293237,8808,3,8508,23694,29688,11443,43,371
107071,Henderson State University,AR,5,2023,-93.059703,34.128155,1493,2,7885,28841,30838,16929,39,101
107983,Southern Arkansas University Main Campus,AR,5,2023,-93.235922,33.291618,3224,3,9820,25640,31220,14164,41,199
106397,University of Arkansas,AR,5,2023,-94.176981,36.070009,27472,5,9748,30008,49032,17475,70,1460
106245,University of Arkansas at Little Rock,AR,5,2023,-92.339778,34.723254,5789,3,8455,25856,36611,11225,39,405
106485,University of Arkansas at Monticello,AR,5,2023,-91.811153,33.590909,2328,2,8868,23098,28948,13575,35,173
106412,University of Arkansas at Pine Bluff,AR,5,2023,-92.018683,34.244031,1905,2,9019,23331,31341,11649,40,155
106263,University of Arkansas for Medical Sciences,AR,5,2023,-92.322348,34.750152,1380,2,,,,,,292
442569,University of Arkansas Grantham,AR,5,2023,-92.343582,34.775996,3203,2,8280,,,9186,25,8
108092,University of Arkansas-Fort Smith,AR,5,2023,-94.373729,35.384184,5463,3,6906,23137,30001,10387,36,250
106704,University of Central Arkansas,AR,5,2023,-92.457672,35.077945,7884,3,10118,25457,32597,16362,53,574
104151,Arizona State University Campus Immersion,AZ,4,2023,-111.934383,33.417721,65174,5,12051,33270,53412,16401,68,3800
483124,Arizona State University Digital Immersion,AZ,4,2023,-111.924487,33.463517,49310,5,,,,,,1503
105297,Dine College,AZ,4,2023,-109.21684,36.293328,1828,2,1410,12700,12700,10354,,57
105145,GateWay Community College,AZ,4,2023,-111.997077,33.449686,5123,3,2358,,,13317,,187
104708,Glendale Community College,AZ,4,2023,-112.190735,33.570226,13480,4,2358,,,13166,,405
105330,Northern Arizona University,AZ,4,2023,-111.653724,35.188449,23128,5,12652,29680,45928,16544,57,1279
364016,Paradise Valley Community College,AZ,4,2023,-112.009865,33.652135,5880,3,2358,,,14322,,230
105668,Rio Salado College,AZ,4,2023,-111.97417,33.413309,18631,4,2358,,,9003,,265
104179,University of Arizona,AZ,4,2023,-110.950815,32.232672,41899,5,13626,33126,60595,18144,66,2485
106148,Yavapai College,AZ,4,2023,-112.453395,34.547495,7200,3,2838,17354,23860,6985,,178
109350,Antelope Valley Community College District,CA,6,2023,-118.186166,34.676207,12937,4,1124,,,8294,,384
109819,Bakersfield College,CA,6,2023,-118.973753,35.40911,30410,5,1430,,,5892,0,489
110422,California Polytechnic State University-San Luis Obispo,CA,6,2023,-120.657311,35.299513,21559,5,11075,32321,52241,16888,85,1070
115755,California State Polytechnic University-Humboldt,CA,6,2023,-124.078293,40.877481,5594,3,7913,25657,37537,13837,47,352
110529,California State Polytechnic University-Pomona,CA,6,2023,-117.821476,34.057912,24455,5,7439,28805,40685,11898,67,926
111188,California State University Maritime Academy,CA,6,2023,-122.231551,38.069061,761,1,7672,30062,41942,16081,67,67
110486,California State University-Bakersfield,CA,6,2023,-119.104711,35.350005,8336,3,7696,26976,38856,6567,49,433
441937,California State University-Channel Islands,CA,6,2023,-119.04356,34.162949,5290,3,6817,25637,37517,10931,53,286
110538,California State University-Chico,CA,6,2023,-121.844859,39.729712,13160,4,8064,28030,39910,15187,64,615
110547,California State University-Dominguez Hills,CA,6,2023,-118.255917,33.864766,12730,4,7064,28770,40650,4438,47,589
110574,California State University-East Bay,CA,6,2023,-122.054135,37.657694,10562,4,7055,28516,40396,10874,46,512
110556,California State University-Fresno,CA,6,2023,-119.744569,36.811154,21430,5,6980,23750,35630,7303,55,1044
110565,California State University-Fullerton,CA,6,2023,-117.885446,33.881506,37125,5,7073,30640,42520,6283,69,1412
110583,California State University-Long Beach,CA,6,2023,-118.11204,33.782818,34243,5,7008,28416,40296,9731,70,1560
110592,California State University-Los Angeles,CA,6,2023,-118.168965,34.066927,21527,5,6813,33345,45225,4551,53,998
409698,California State University-Monterey Bay,CA,6,2023,-121.796178,36.652397,5909,3,7437,28719,40599,15222,63,313
110608,California State University-Northridge,CA,6,2023,-118.529319,34.240126,32429,5,7095,24271,36151,8222,56,1299
110617,California State University-Sacramento,CA,6,2023,-121.423549,38.559415,28268,5,7602,29418,41298,11183,56,1141
110510,California State University-San Bernardino,CA,6,2023,-117.323801,34.182622,16067,4,7675,25197,37077,6645,55,726
366711,California State University-San Marcos,CA,6,2023,-117.159013,33.130569,14246,4,7739,26623,38503,10500,54,567
110495,California State University-Stanislaus,CA,6,2023,-120.852511,37.52577,8669,3,7826,25306,37186,7316,58,479
113236,Cypress College,CA,6,2023,-118.025143,33.82833,13992,4,1150,,,7730,,376
114433,Feather River Community College District,CA,6,2023,-120.973067,39.953101,1758,2,1465,18802,27262,10949,40,43
114716,Foothill College,CA,6,2023,-122.127964,37.361655,12931,4,1565,,,9665,,277
118912,MiraCosta College,CA,6,2023,-117.302606,33.190483,11707,4,1152,,,7972,96,339
118976,Modesto Junior College,CA,6,2023,-121.009792,37.651056,17152,4,1270,,,13093,0,340
121886,Rio Hondo College,CA,6,2023,-118.033506,34.019821,17193,4,1388,,,13920,,324
122375,San Diego Mesa College,CA,6,2023,-117.169165,32.803825,19243,4,1150,,,3175,,445
122409,San Diego State University,CA,6,2023,-117.071228,32.77525,34050,5,8290,34072,45952,19500,78,1380
122597,San Francisco State University,CA,6,2023,-122.476799,37.721224,20756,5,7424,30456,42336,13353,50,1066
122755,San Jose State University,CA,6,2023,-121.880621,37.336569,27111,5,7992,32310,44190,13833,65,1240
121619,Santa Ana College,CA,6,2023,-117.887558,33.759309,26073,5,1180,,,6914,,500
122977,Santa Monica College,CA,6,2023,-118.469765,34.017022,23164,5,1156,,,5636,0,633
123299,Shasta College,CA,6,2023,-122.317982,40.625731,8081,3,1197,12253,19333,7751,,198
123509,Skyline College,CA,6,2023,-122.467335,37.63042,9428,3,1332,,,4652,,203
123563,Solano Community College,CA,6,2023,-122.122368,38.235881,8868,3,1172,,,6317,,195
123572,Sonoma State University,CA,6,2023,-122.677066,38.340274,5412,3,8190,27274,39154,15113,61,304
488800,Teachers College of San Joaquin,CA,6,2023,-121.231507,37.908696,585,1,,,,,,60
110635,University of California-Berkeley,CA,6,2023,-122.260463,37.871918,33078,5,14850,45053,75830,16997,93,2298
110644,University of California-Davis,CA,6,2023,-121.749567,38.539667,31797,5,15247,41055,71832,17315,85,2909
110653,University of California-Irvine,CA,6,2023,-117.841248,33.648434,29503,5,14237,39051,69828,14647,86,2412
110662,University of California-Los Angeles,CA,6,2023,-118.442179,34.07178,33040,5,13747,38031,68808,15166,93,4832
445188,University of California-Merced,CA,6,2023,-120.424944,37.366237,8372,3,14167,40685,71462,13232,69,438
110671,University of California-Riverside,CA,6,2023,-117.32741,33.97246,22646,5,14170,40285,71062,13533,77,1075
110680,University of California-San Diego,CA,6,2023,-117.235866,32.877749,33792,5,15265,38505,69282,13293,88,3284
110705,University of California-Santa Barbara,CA,6,2023,-119.846426,34.416297,23232,5,14965,40587,71364,15283,85,1153
110714,University of California-Santa Cruz,CA,6,2023,-122.058801,36.995584,17812,4,14560,40306,71083,16526,74,882
262086,University of Massachusetts Global,CA,6,2023,-117.769012,33.656401,5511,3,12520,,,31715,,311
125471,West Los Angeles College,CA,6,2023,-118.386664,34.004512,9299,3,1238,,,9426,,195
126182,Adams State University,CO,8,2023,-105.879642,37.473636,1576,2,9776,25199,37271,13800,27,154
126207,Aims Community College,CO,8,2023,-104.763415,40.409559,7529,3,2090,,,7651,,211
126289,Arapahoe Community College,CO,8,2023,-105.018631,39.607505,13978,4,4308,,,9786,,253
127556,Colorado Mesa University,CO,8,2023,-108.553275,39.080643,8711,3,9712,26547,41147,15076,47,427
126711,Colorado Mountain College,CO,8,2023,-107.324441,39.54636,5673,3,2700,19726,27166,6071,14,262
126775,Colorado School of Mines,CO,8,2023,-105.223364,39.751443,5839,3,21186,42006,65196,29785,79,382
476975,Colorado State University Global,CO,8,2023,-104.786666,39.724786,6568,3,8400,,,12475,,191
128106,Colorado State University Pueblo,CO,8,2023,-104.579033,38.30859,4816,3,9401,27195,35036,14188,38,241
126818,Colorado State University-Fort Collins,CO,8,2023,-105.080732,40.574805,25834,5,12896,32439,53294,19828,67,1914
126942,Community College of Denver,CO,8,2023,-105.001044,39.741413,7715,3,4902,,,9526,,178
127185,Fort Lewis College,CO,8,2023,-107.867422,37.275939,3313,2,9670,28412,39540,16074,43,239
127200,Front Range Community College,CO,8,2023,-105.038068,39.901452,21096,5,4740,,,9256,,497
127565,Metropolitan State University of Denver,CO,8,2023,-105.00504,39.744202,16430,4,10780,,,13727,30,870
127617,Morgan Community College,CO,8,2023,-103.771822,40.258792,1506,2,4127,,,9416,,56
127820,Pikes Peak State College,CO,8,2023,-104.787261,38.764287,12388,4,4302,,,9311,,331
127884,Pueblo Community College,CO,8,2023,-104.636258,38.262124,6767,3,4883,,,10969,,179
127909,Red Rocks Community College,CO,8,2023,-105.150094,39.720277,7286,3,4707,,,9250,,154
128258,Trinidad State College,CO,8,2023,-104.513451,37.172059,1636,2,4468,20700,23332,11323,,60
126614,University of Colorado Boulder,CO,8,2023,-105.270823,40.008781,32105,5,16430,37684,63197,22640,75,1937
126580,University of Colorado Colorado Springs,CO,8,2023,-104.800296,38.892735,9398,4,9712,28190,38970,16816,45,578
126562,University of Colorado Denver/Anschutz Medical Campus,CO,8,2023,-104.837722,39.745149,14027,5,10017,32823,51015,15303,47,5548
127741,University of Northern Colorado,CO,8,2023,-104.692777,40.410855,6616,3,12010,31678,45872,19115,51,486
128391,Western Colorado University,CO,8,2023,-106.919132,38.549936,3569,2,11083,26151,38751,17709,51,165
128771,Central Connecticut State University,CT,9,2023,-72.765991,41.692502,7917,3,12460,29026,42302,17207,49,562
128780,Charter Oak State College,CT,9,2023,-72.781239,41.666848,1683,2,8506,,,15663,,56
129215,Eastern Connecticut State University,CT,9,2023,-72.218753,41.721673,3839,2,13292,33610,36942,21205,58,228
130493,Southern Connecticut State University,CT,9,2023,-72.947897,41.333225,6781,3,12828,32844,46120,19870,48,602
129020,University of Connecticut,CT,9,2023,-72.249948,41.809098,19388,5,20366,39682,62350,22324,84,2399
436827,University of Connecticut-Avery Point,CT,9,2023,-72.065336,41.316419,474,1,17462,,,9139,57,25
463056,University of Connecticut-Hartford Campus,CT,9,2023,-72.672175,41.762673,1494,2,17452,,,10972,65,25
436836,University of Connecticut-Stamford,CT,9,2023,-73.542206,41.056081,2240,2,17472,40290,62958,13150,57,25
436818,University of Connecticut-Waterbury Campus,CT,9,2023,-73.039242,41.555617,760,1,17462,,,8220,59,25
130776,Western Connecticut State University,CT,9,2023,-73.444264,41.400365,3542,2,12763,30552,33884,16527,50,289
131399,University of the District of Columbia,DC,11,2023,-77.066247,38.943819,3297,2,6152,,,14287,40,369
130934,Delaware State University,DE,10,2023,-75.54053,39.187173,4941,3,10314,30236,40172,15555,39,288
130907,Delaware Technical Community College-Terry,DE,10,2023,-75.56012,39.198371,13231,4,4965,,,7847,,605
130943,University of Delaware,DE,10,2023,-75.752822,39.679577,19772,5,16080,33718,57358,17716,81,1261
132709,Broward College,FL,12,2023,-80.14183,26.119422,29140,5,2830,,,18934,,572
133021,Chipola College,FL,12,2023,-85.23139,30.789228,1820,2,3120,11415,17245,2887,,60
132851,College of Central Florida,FL,12,2023,-82.175692,29.166079,5747,3,2710,,,11173,,179
133386,Daytona State College,FL,12,2023,-81.049513,29.20278,11807,4,3106,18285,27173,6119,,400
132693,Eastern Florida State College,FL,12,2023,-80.670781,28.170002,13601,4,2496,18724,25967,5698,,385
133650,Florida Agricultural and Mechanical University,FL,12,2023,-84.290226,30.428504,7796,3,5785,24153,36093,15491,52,626
133669,Florida Atlantic University,FL,12,2023,-80.102978,26.372421,24614,5,4879,24845,37290,9839,64,999
135160,Florida Gateway College,FL,12,2023,-82.5679,30.175298,2837,2,3100,13696,22343,4428,,118
433660,Florida Gulf Coast University,FL,12,2023,-81.7726,26.463638,14227,4,6118,23732,42776,10548,56,643
133951,Florida International University,FL,12,2023,-80.373928,25.75732,44363,5,6565,25971,38369,10742,74,1719
482936,Florida Polytechnic University,FL,12,2023,-81.845995,28.150149,1569,2,4940,23080,39145,11923,53,89
133508,Florida SouthWestern State College,FL,12,2023,-81.887102,26.552403,13860,4,3401,19989,29567,9030,,302
133702,Florida State College at Jacksonville,FL,12,2023,-81.659901,30.334918,20530,5,2878,14589,21703,2789,,497
134097,Florida State University,FL,12,2023,-84.295064,30.443147,32217,5,5656,25952,39082,14903,83,1847
134343,Gulf Coast State College,FL,12,2023,-85.727918,30.185542,4959,2,2370,,,6525,,169
134495,Hillsborough Community College,FL,12,2023,-82.456253,27.934888,20004,5,2506,18208,24813,4387,,522
134608,Indian River State College,FL,12,2023,-80.358682,27.42416,15104,4,2764,,,5927,,345
135188,Lake-Sumter State College,FL,12,2023,-81.797193,28.828649,5064,3,3292,,,6242,,104
135717,Miami Dade College,FL,12,2023,-80.190856,25.777717,39139,5,2838,,,5367,,1338
262129,New College of Florida,FL,12,2023,-82.55858,27.384925,710,1,6916,25191,48219,8368,62,107
136145,North Florida College,FL,12,2023,-83.420732,30.473841,1281,2,3054,,,2592,,40
136233,Northwest Florida State College,FL,12,2023,-86.47456,30.540017,5160,3,3246,,,6339,,139
136358,Palm Beach State College,FL,12,2023,-80.08653,26.61256,24369,5,3050,,,10320,,550
136400,Pasco-Hernando State College,FL,12,2023,-82.646727,28.2751,9449,3,3155,,,5419,,194
136473,Pensacola State College,FL,12,2023,-87.200265,30.479267,8518,3,2348,,,3436,,223
136516,Polk State College,FL,12,2023,-81.711873,28.032411,7963,3,3366,,,9832,,237
137281,Saint Johns River State College,FL,12,2023,-81.681387,29.647516,7066,3,2830,,,7262,,197
137096,Santa Fe College,FL,12,2023,-82.433143,29.681037,12698,4,2563,,,11790,,403
137209,Seminole State College of Florida,FL,12,2023,-81.308003,28.745482,14104,4,3227,,,2889,,318
137315,South Florida State College,FL,12,2023,-81.508667,27.56974,2976,2,3165,,,4499,,101
137078,St Petersburg College,FL,12,2023,-82.636587,27.773264,23350,5,2682,,,300,,558
135391,State College of Florida-Manatee-Sarasota,FL,12,2023,-82.590887,27.43804,8411,3,3074,,,22151,,237
137759,Tallahassee Community College,FL,12,2023,-84.339,30.443866,11699,4,2026,,,7841,,396
133960,The College of the Florida Keys,FL,12,2023,-81.74446,24.582748,854,1,3279,22525,32408,14991,,53
132903,University of Central Florida,FL,12,2023,-81.200889,28.602159,59470,5,6368,24668,40767,13110,75,1807
134130,University of Florida,FL,12,2023,-82.347911,29.64629,34924,5,6381,22601,44879,11521,91,3283
484473,University of Florida-Online,FL,12,2023,-82.339848,29.649413,5462,3,3876,,,10412,33,66
136172,University of North Florida,FL,12,2023,-81.509144,30.27194,14264,4,6389,23333,37737,10628,63,676
137351,University of South Florida,FL,12,2023,-82.413232,28.061458,37269,5,6410,25625,36539,11578,75,2476
138354,University of West Florida,FL,12,2023,-87.218511,30.549076,9661,4,6360,23416,36297,8908,62,435
138187,Valencia College,FL,12,2023,-81.464275,28.520783,42524,5,2474,,,9657,,1096
138558,Abraham Baldwin Agricultural College,GA,13,2023,-83.528281,31.481889,3768,2,3195,16665,23571,6923,28,145
138716,Albany State University,GA,13,2023,-84.141825,31.56928,6018,3,5934,19620,30342,13775,29,248
138901,Atlanta Metropolitan State College,GA,13,2023,-84.404659,33.70893,1551,2,3105,20303,26929,4902,0,43
482149,Augusta University,GA,13,2023,-81.989071,33.47037,5684,3,8122,26243,41621,13486,49,1198
139311,Clayton  State University,GA,13,2023,-84.328174,33.594079,5301,3,5068,21369,32091,9397,35,217
139250,College of Coastal Georgia,GA,13,2023,-81.486169,31.181983,3189,2,3483,25457,32363,12670,26,110
139366,Columbus State University,GA,13,2023,-84.94106,32.50096,6008,3,5751,24797,35851,11384,42,373
139463,Dalton State College,GA,13,2023,-85.002775,34.774221,4902,2,3283,17354,24260,5083,31,164
139621,East Georgia State College,GA,13,2023,-82.309021,32.594944,1756,2,2736,18846,25198,9314,4,58
139719,Fort Valley State University,GA,13,2023,-83.89537,32.537595,2558,2,5392,20264,30986,11457,45,134
139861,Georgia College & State University,GA,13,2023,-83.231962,33.082787,5681,3,8998,30355,49535,19769,62,372
447689,Georgia Gwinnett College,GA,13,2023,-84.00459,33.979409,11907,4,4458,30088,38874,11037,20,459
139700,Georgia Highlands College,GA,13,2023,-85.207356,34.169791,4955,2,2944,,,6779,0,144
139755,Georgia Institute of Technology-Main Campus,GA,13,2023,-84.394832,33.77242,19505,5,11764,28524,49636,15901,92,1373
485111,Georgia Military College,GA,13,2023,-83.224211,33.07944,6765,3,8112,23268,23268,11571,,250
139931,Georgia Southern University,GA,13,2023,-81.784045,32.426153,22295,5,5905,25572,36626,16957,53,973
139764,Georgia Southwestern State University,GA,13,2023,-84.217738,32.054662,2753,2,4980,21074,31796,11779,32,141
139940,Georgia State University,GA,13,2023,-84.38667,33.7527,27588,5,8478,31468,46699,16390,54,1504
139968,Gordon State College,GA,13,2023,-84.154508,33.04571,3129,2,3475,16693,23599,8255,16,109
486840,Kennesaw State University,GA,13,2023,-84.583052,34.038807,40509,5,5786,25927,37181,17566,48,1557
482158,Middle Georgia State University,GA,13,2023,-83.732058,32.808092,7485,3,4432,21675,31275,13326,26,320
140960,Savannah State University,GA,13,2023,-81.063377,32.024781,2857,2,5498,17435,28155,8506,27,137
482699,South Georgia State College,GA,13,2023,-82.855231,31.495903,1853,2,2970,19675,26027,9222,,69
139959,University of Georgia,GA,13,2023,-83.374039,33.956262,31514,5,11180,28106,47146,16303,87,2365
482680,University of North Georgia,GA,13,2023,-83.985694,34.530219,17242,4,5009,22459,32891,11687,52,764
141334,University of West Georgia,GA,13,2023,-85.097762,33.573621,8413,4,5971,23640,34693,14962,43,507
141264,Valdosta State University,GA,13,2023,-83.289282,30.847402,7230,4,6007,22375,33430,11532,42,451
153603,Iowa State University,IA,19,2023,-93.648504,42.026212,25332,5,10497,24204,41390,17354,75,1519
153658,University of Iowa,IA,19,2023,-91.536425,41.661935,22130,5,10964,28596,50559,20121,73,2615
154095,University of Northern Iowa,IA,19,2023,-92.459703,42.514923,7734,3,9728,22726,34270,15931,69,458
142115,Boise State University,ID,16,2023,-116.203301,43.604284,23491,5,8782,32341,50535,19037,61,1041
142559,College of Southern Idaho,ID,16,2023,-114.473901,42.579837,8775,3,3360,15748,18028,8482,,191
142276,Idaho State University,ID,16,2023,-112.432312,42.863832,10406,4,8356,23210,42320,12353,35,670
142328,Lewis-Clark State College,ID,16,2023,-117.024875,46.412199,3702,2,7388,24718,38716,12508,37,164
142285,University of Idaho,ID,16,2023,-117.014167,46.727406,9269,4,8816,23980,44948,14377,61,581
144005,Chicago State University,IL,17,2023,-87.609384,41.718446,1495,2,12754,31704,31704,9852,17,179
144892,Eastern Illinois University,IL,17,2023,-88.175658,39.479843,6849,3,13403,27619,30095,14621,45,426
145336,Governors State University,IL,17,2023,-87.716441,41.449103,2536,2,11320,26780,26780,10833,20,459
145813,Illinois State University,IL,17,2023,-88.990058,40.509403,18450,5,16021,34309,46374,20871,66,1018
147776,Northeastern Illinois University,IL,17,2023,-87.718983,41.980399,4042,3,12383,32743,43086,14669,17,317
147703,Northern Illinois University,IL,17,2023,-88.766428,41.933869,11358,4,12700,29636,29636,13533,50,912
149222,Southern Illinois University-Carbondale,IL,17,2023,-89.217273,37.714193,8195,4,13244,29409,29409,16131,54,988
149231,Southern Illinois University-Edwardsville,IL,17,2023,-89.997779,38.793949,8975,4,12922,30246,30246,15182,53,688
145600,University of Illinois Chicago,IL,17,2023,-87.650503,41.871837,22107,5,14338,36364,51386,11499,60,2694
148654,University of Illinois Springfield,IL,17,2023,-89.616796,39.729524,2342,2,12252,28440,38205,9241,61,240
145637,University of Illinois Urbana-Champaign,IL,17,2023,-88.229114,40.104718,35564,5,16004,33642,52139,14297,85,2622
149772,Western Illinois University,IL,17,2023,-90.686899,40.468086,5025,3,14952,28848,28848,12168,45,462
150136,Ball State University,IN,18,2023,-85.409043,40.203431,14874,5,10758,26734,44742,13017,63,1064
151324,Indiana State University,IN,18,2023,-87.407846,39.469073,6668,3,9992,25055,36797,13321,41,411
151351,Indiana University-Bloomington,IN,18,2023,-86.526559,39.16609,36833,5,11790,28900,57592,16282,81,2242
151388,Indiana University-East,IN,18,2023,-84.881923,39.868707,2746,2,8179,,,9484,45,149
151111,Indiana University-Indianapolis,IN,18,2023,-86.172217,39.772948,17037,5,10449,26685,49953,11592,54,3579
151333,Indiana University-Kokomo,IN,18,2023,-86.132048,40.460062,2674,2,8179,,,6459,44,158
151360,Indiana University-Northwest,IN,18,2023,-87.337249,41.557324,2787,2,8179,,,5553,36,169
151342,Indiana University-South Bend,IN,18,2023,-86.221991,41.665324,3918,2,8179,22575,36439,8090,36,247
151379,Indiana University-Southeast,IN,18,2023,-85.819985,38.345191,3286,2,8179,23013,36877,8829,33,221
151102,Purdue University Fort Wayne,IN,18,2023,-85.108962,41.117278,8110,3,9254,26302,39268,12619,32,345
489779,Purdue University Global,IN,18,2023,-86.928449,40.45655,31791,5,10110,,,9494,50,935
490805,Purdue University Northwest,IN,18,2023,-87.474236,41.584324,7902,3,8419,22326,29527,9637,44,289
243780,Purdue University-Main Campus,IN,18,2023,-86.914435,40.428206,39864,5,9992,24882,43684,12421,83,2226
151306,University of Southern Indiana,IN,18,2023,-87.677214,37.962374,7428,3,10136,24584,37021,14066,52,408
152637,Vincennes University,IN,18,2023,-87.523407,38.686318,18438,4,6886,24724,34127,10932,29,343
155025,Emporia State University,KS,20,2023,-96.179021,38.414784,2412,2,7356,23306,31619,15441,54,200
155061,Fort Hays State University,KS,20,2023,-99.342503,38.872156,10206,4,5633,20377,31555,13774,48,479
155140,Haskell Indian Nations University,KS,20,2023,-95.232879,38.938834,878,1,600,9010,9010,4537,,42
155399,Kansas State University,KS,20,2023,-96.581077,39.188648,15113,4,10942,29286,46160,18745,70,944
155681,Pittsburg State University,KS,20,2023,-94.702473,37.392071,4426,3,8008,24002,35686,19357,54,316
155317,University of Kansas,KS,20,2023,-95.247567,38.958549,20696,5,11700,27132,44844,18322,69,2789
156082,Washburn University,KS,20,2023,-95.702222,39.033778,4930,3,9578,23787,34791,12894,41,319
156125,Wichita State University,KS,20,2023,-97.292361,37.718882,12856,4,9322,27812,37730,14184,51,651
156620,Eastern Kentucky University,KY,21,2023,-84.300796,37.740845,12726,4,10130,24665,35355,10852,55,661
157058,Kentucky State University,KY,21,2023,-84.855402,38.201427,1546,2,9214,21727,25773,9672,28,94
157386,Morehead State University,KY,21,2023,-83.434021,38.186768,8058,3,9838,22154,27022,10017,49,325
157401,Murray State University,KY,21,2023,-88.323629,36.612419,7878,3,9708,26919,36663,9738,63,481
157447,Northern Kentucky University,KY,21,2023,-84.463483,39.029714,9927,4,10896,25856,36440,8151,49,685
157085,University of Kentucky,KY,21,2023,-84.504747,38.038911,23930,5,13212,35098,55292,19838,70,1876
157289,University of Louisville,KY,21,2023,-85.760412,38.216862,16194,5,12828,33706,50052,18808,61,1524
157951,Western Kentucky University,KY,21,2023,-86.456828,36.985035,14590,4,11436,26888,42452,12054,56,739
159009,Grambling State University,LA,22,2023,-92.713245,32.523797,4279,3,7683,25663,34686,19092,32,169
159391,Louisiana State University and Agricultural & Mechanical College,LA,22,2023,-91.178921,30.414986,32574,5,11954,35218,51895,21808,68,1451
159373,Louisiana State University Health Sciences Center-New Orleans,LA,22,2023,-90.083145,29.957272,843,2,,,,,,817
159382,Louisiana State University-Alexandria,LA,22,2023,-92.414409,31.178616,5330,3,7050,21180,28780,8081,40,114
159416,Louisiana State University-Shreveport,LA,22,2023,-93.70561,32.428465,2548,3,7327,24555,37709,7554,33,177
159647,Louisiana Tech University,LA,22,2023,-92.649963,32.528297,10401,4,10125,24765,31506,12593,57,439
159717,McNeese State University,LA,22,2023,-93.217222,30.178187,5560,3,8460,26280,27780,11393,51,281
159966,Nicholls State University,LA,22,2023,-90.801571,29.794486,5612,3,8173,26407,27500,11029,53,270
160038,Northwestern State University of Louisiana,LA,22,2023,-93.097797,31.750666,7898,3,8864,26705,37493,13156,44,372
160612,Southeastern Louisiana University,LA,22,2023,-90.468676,30.514652,12684,4,8373,25837,38315,12007,45,509
160621,Southern University and A & M College,LA,22,2023,-91.190105,30.524558,5848,3,9940,25984,33334,18937,28,348
160630,Southern University at New Orleans,LA,22,2023,-90.044912,30.026162,1773,2,7490,25054,33954,14825,18,103
440916,Southern University Law Center,LA,22,2023,-91.194417,30.523898,723,1,,,,,,54
160658,University of Louisiana at Lafayette,LA,22,2023,-92.020165,30.212191,13179,4,10418,29176,42904,13443,52,705
159993,University of Louisiana at Monroe,LA,22,2023,-92.07374,32.527748,6550,3,9190,26648,38748,11160,48,359
159939,University of New Orleans,LA,22,2023,-90.067142,30.027704,5476,3,9172,28570,33406,11190,43,292
165024,Bridgewater State University,MA,25,2023,-70.974553,41.98749,8172,3,11389,30145,36285,16230,55,474
165820,Fitchburg State University,MA,25,2023,-71.789666,42.588298,3133,3,11046,28871,34951,15820,53,255
165866,Framingham State University,MA,25,2023,-71.437565,42.297116,2817,2,11630,28994,35074,16640,50,209
166674,Massachusetts College of Art and Design,MA,25,2023,-71.099275,42.336862,1876,2,14960,35860,63080,24159,69,184
167288,Massachusetts College of Liberal Arts,MA,25,2023,-73.102817,42.691361,836,1,11884,29668,38343,17705,49,93
166692,Massachusetts Maritime Academy,MA,25,2023,-70.624084,41.739072,1271,2,10816,31367,44461,20759,79,108
167525,Quincy College,MA,25,2023,-71.003476,42.252416,2603,2,7536,,,10859,,72
167729,Salem State University,MA,25,2023,-70.890234,42.503575,4853,3,11978,31340,38323,19324,55,438
166629,University of Massachusetts-Amherst,MA,25,2023,-72.526728,42.385999,23936,5,17357,34666,56602,22954,83,1566
166638,University of Massachusetts-Boston,MA,25,2023,-71.036865,42.312881,12373,4,15496,37074,58752,17554,51,856
167987,University of Massachusetts-Dartmouth,MA,25,2023,-71.004552,41.62869,5602,3,15208,36320,52862,20696,49,447
166513,University of Massachusetts-Lowell,MA,25,2023,-71.326809,42.652864,12128,4,16570,34564,53390,17624,70,749
168263,Westfield State University,MA,25,2023,-72.796503,42.132698,3788,2,11882,29696,35776,17723,55,229
168430,Worcester State University,MA,25,2023,-71.844018,42.267526,4734,3,11286,27545,33625,14307,56,268
162007,Bowie State University,MD,24,2023,-76.759721,39.018185,5288,3,8999,26431,37321,16117,38,352
162283,Coppin State University,MD,24,2023,-76.658687,39.311258,1810,2,7001,25767,32555,7684,26,153
162584,Frostburg State University,MD,24,2023,-78.934293,39.650918,3344,2,9998,27056,42238,16521,52,245
163453,Morgan State University,MD,24,2023,-76.585565,39.344161,8300,3,8118,26438,37120,15350,42,545
163851,Salisbury University,MD,24,2023,-75.604815,38.34648,6281,3,10638,29530,40224,17931,67,479
163912,St. Mary's College of Maryland,MD,24,2023,-76.430994,38.188047,1577,2,15236,32519,48595,20679,68,151
164076,Towson University,MD,24,2023,-76.611164,39.393622,16517,4,11306,31390,48410,15064,68,1180
161873,University of Baltimore,MD,24,2023,-76.616591,39.305834,1292,2,9772,,,17253,47,210
163338,University of Maryland Eastern Shore,MD,24,2023,-75.686852,38.207386,2233,2,8898,26554,37384,14595,35,246
163204,University of Maryland Global Campus,MD,24,2023,-76.847584,38.912706,50793,5,7992,,,14545,24,1355
163259,"University of Maryland, Baltimore",MD,24,2023,-76.623983,39.286864,978,3,,,,,,2264
163268,University of Maryland-Baltimore County,MD,24,2023,-76.711607,39.256686,10490,4,12952,32170,49526,17704,70,696
163286,University of Maryland-College Park,MD,24,2023,-76.944721,38.988178,30608,5,11505,30885,59686,15833,88,2198
161299,Maine Maritime Academy,ME,23,2023,-68.804347,44.389654,889,1,14746,31172,46652,21433,62,83
161253,University of Maine,ME,23,2023,-68.669332,44.899257,9267,4,12606,28572,51312,18237,56,611
161217,University of Maine at Augusta,ME,23,2023,-69.796396,44.337746,4250,2,8618,22118,35048,11569,20,147
161226,University of Maine at Farmington,ME,23,2023,-70.147121,44.666911,1605,2,10989,26363,38453,15383,53,96
161235,University of Maine at Fort Kent,ME,23,2023,-68.589319,47.250389,1357,2,9045,21577,26857,10736,36,36
161341,University of Maine at Presque Isle,ME,23,2023,-68.016343,46.672285,2152,2,8990,22690,27970,9773,34,47
161554,University of Southern Maine,ME,23,2023,-70.274247,43.662863,5520,3,10920,26812,42996,12006,46,392
168607,Alpena Community College,MI,26,2023,-83.445069,45.081647,1530,2,5130,17869,17869,4091,33,61
380359,Bay Mills Community College,MI,26,2023,-84.606312,46.45482,577,1,3320,,,5698,,37
169248,Central Michigan University,MI,26,2023,-84.77525,43.591203,10055,4,14190,31058,31058,15826,62,728
169798,Eastern Michigan University,MI,26,2023,-83.627443,42.251675,11129,4,15510,31854,31854,17388,45,718
169910,Ferris State University,MI,26,2023,-85.481925,43.687724,8940,3,13630,27716,27716,13154,54,539
170082,Grand Valley State University,MI,26,2023,-85.889826,42.963001,19243,5,14628,29027,35219,17995,69,1349
170240,Henry Ford College,MI,26,2023,-83.236056,42.324639,11239,4,3460,,,738,,284
170444,Jackson College,MI,26,2023,-84.403942,42.16483,4975,2,7040,22837,24877,8361,,65
170639,Lake Superior State University,MI,26,2023,-84.365573,46.492849,1669,2,14266,28983,28983,14345,56,104
171100,Michigan State University,MI,26,2023,-84.476111,42.73212,40483,5,15988,32668,60052,24630,83,3203
171128,Michigan Technological University,MI,26,2023,-88.548092,47.11866,5892,3,18392,34758,57706,17928,69,419
171456,Northern Michigan University,MI,26,2023,-87.406568,46.559751,6584,3,13304,28924,34420,17937,53,359
171483,Northwestern Michigan College,MI,26,2023,-85.585517,44.765436,3146,2,5350,22731,25417,5831,70,142
171571,Oakland University,MI,26,2023,-83.216418,42.674573,12719,4,14694,29303,37797,15734,57,786
172051,Saginaw Valley State University,MI,26,2023,-83.964273,43.51176,6184,3,12240,26280,42792,15144,54,354
172200,Schoolcraft Community College District,MI,26,2023,-83.430958,42.419279,7596,3,4448,,,7271,,181
170976,University of Michigan-Ann Arbor,MI,26,2023,-83.73481,42.278374,33730,5,17228,34782,75626,19005,93,7667
171137,University of Michigan-Dearborn,MI,26,2023,-83.231417,42.317287,6071,3,14944,,,12798,56,390
171146,University of Michigan-Flint,MI,26,2023,-83.690276,43.01875,4751,3,14014,29886,47146,12344,45,321
172644,Wayne State University,MI,26,2023,-83.068998,42.358994,16117,5,14297,31785,47907,16021,57,1779
172699,Western Michigan University,MI,26,2023,-85.613759,42.282194,13026,4,15298,30770,34570,20183,58,892
173124,Bemidji State University,MN,27,2023,-94.874119,47.482341,3610,2,10164,24095,24095,16349,52,177
380368,Fond du Lac Tribal and Community College,MN,27,2023,-92.451326,46.690069,1749,2,5999,22185,22185,10601,,39
174020,Metropolitan State University,MN,27,2023,-93.074361,44.957256,5271,3,9780,,,18233,38,281
174358,Minnesota State University Moorhead,MN,27,2023,-96.759532,46.867153,3413,2,10336,25700,25700,18231,54,203
173920,Minnesota State University-Mankato,MN,27,2023,-93.99945,44.146712,12897,4,9490,24428,33798,17227,54,557
174783,Saint Cloud State University,MN,27,2023,-94.152657,45.553227,8430,4,10117,23747,23747,14648,46,387
175078,Southwest Minnesota State University,MN,27,2023,-95.759548,44.45373,6884,3,10304,25712,25712,14839,43,146
174075,University of Minnesota-Crookston,MN,27,2023,-96.606188,47.802536,2518,2,13120,26672,26672,13442,50,79
174233,University of Minnesota-Duluth,MN,27,2023,-92.084385,46.817126,8525,3,14318,27972,33416,19542,64,497
174251,University of Minnesota-Morris,MN,27,2023,-95.899729,45.589775,1020,2,14288,27462,29612,9539,62,111
456959,University of Minnesota-Rochester,MN,27,2023,-92.463471,44.022339,588,1,14400,30700,30700,13840,57,42
174066,University of Minnesota-Twin Cities,MN,27,2023,-93.235464,44.972851,39556,5,16488,32866,52780,16730,85,4229
175272,Winona State University,MN,27,2023,-91.643723,44.046159,5267,3,10498,23962,30694,18919,60,342
177551,Harris-Stowe State University,MO,29,2023,-90.224288,38.631744,1098,2,6442,25240,29872,9302,27,73
177940,Lincoln University,MO,29,2023,-92.166724,38.564431,1707,2,9290,25396,32988,12673,22,107
178341,Missouri Southern State University,MO,29,2023,-94.461689,37.095155,3930,2,8400,20051,28451,11264,35,182
179566,Missouri State University-Springfield,MO,29,2023,-93.281281,37.199258,19259,5,9024,25048,33952,17104,57,822
178411,Missouri University of Science and Technology,MO,29,2023,-91.775583,37.953426,5510,3,14278,29560,46960,14414,64,337
178387,Missouri Western State University,MO,29,2023,-94.785643,39.7575,3604,2,9800,24645,32345,12764,40,163
178624,Northwest Missouri State University,MO,29,2023,-94.883339,40.351692,5599,3,10181,24945,31387,15497,57,250
177472,Ozarks Technical Community College,MO,29,2023,-93.279985,37.216479,11036,4,4184,,,6053,,402
179308,Saint Louis Community College,MO,29,2023,-90.437078,38.745678,14627,4,3660,,,7173,,506
179557,Southeast Missouri State University,MO,29,2023,-89.531187,37.311107,8099,3,9496,27282,27282,14843,56,392
178615,Truman State University,MO,29,2023,-92.581658,40.188267,3302,2,9470,25451,33851,12798,68,248
176965,University of Central Missouri,MO,29,2023,-93.737428,38.759111,7203,4,9739,23803,32128,15728,49,453
178396,University of Missouri-Columbia,MO,29,2023,-92.328843,38.94531,23613,5,14130,32272,52480,20006,76,2322
178402,University of Missouri-Kansas City,MO,29,2023,-94.582141,39.034179,10149,4,11988,29566,46366,14201,55,803
178420,University of Missouri-St Louis,MO,29,2023,-90.311091,38.710312,12137,4,13440,34106,54098,11577,57,471
175342,Alcorn State University,MS,28,2023,-91.142854,31.877216,2432,2,8549,23744,23744,13155,45,147
175616,Delta State University,MS,28,2023,-90.735365,33.744745,1964,2,8605,22532,22532,13457,47,154
175856,Jackson State University,MS,28,2023,-90.207405,32.296105,4769,3,9090,32988,34008,19892,32,383
176080,Mississippi State University,MS,28,2023,-88.790139,33.454852,18230,5,9815,29454,46219,16480,63,1110
176035,Mississippi University for Women,MS,28,2023,-88.418601,33.493305,1995,2,8092,22879,22879,12617,37,165
176044,Mississippi Valley State University,MS,28,2023,-90.341274,33.514142,2005,2,7912,21154,21154,12304,22,108
176017,University of Mississippi,MS,28,2023,-89.537434,34.365529,19094,5,9412,28952,46520,14946,68,2005
176372,University of Southern Mississippi,MS,28,2023,-89.331236,31.32661,10012,4,9618,27102,29102,14050,51,729
180203,Aaniiih Nakoda College,MT,30,2023,-108.757816,48.484196,133,1,3600,,,10527,,15
180461,Montana State University,MT,30,2023,-111.048812,45.666726,14872,4,8083,26671,49925,18511,57,812
180179,Montana State University Billings,MT,30,2023,-108.523009,45.796896,3765,2,6706,23696,38337,13252,28,171
180522,Montana State University-Northern,MT,30,2023,-109.687806,48.54149,982,2,6269,17895,31011,11789,35,61
180416,Montana Technological University,MT,30,2023,-112.559511,46.012868,1435,2,8050,24888,41568,15866,58,122
180647,Salish Kootenai College,MT,30,2023,-114.111635,47.598592,636,1,4311,17319,22503,9551,15,81
366340,Stone Child College,MT,30,2023,-109.870182,48.289808,261,1,3610,,,6359,,16
180489,The University of Montana,MT,30,2023,-113.982912,46.859312,7570,4,8152,25228,48698,17775,45,469
180692,The University of Montana-Western,MT,30,2023,-112.639264,45.208306,1440,2,6430,21712,34320,15726,49,81
197869,Appalachian State University,NC,37,2023,-81.680583,36.215536,19405,5,7541,23324,40320,14712,73,1223
433174,Carolinas College of Health Sciences,NC,37,2023,-80.927508,35.181863,410,1,19095,,,,,37
198464,East Carolina University,NC,37,2023,-77.368291,35.607186,21328,5,7361,24331,40608,14470,62,1496
198507,Elizabeth City State University,NC,37,2023,-76.214041,36.277978,2048,2,3412,15081,19081,7363,48,100
198543,Fayetteville State University,NC,37,2023,-78.891696,35.073641,5845,3,3969,18307,22307,7298,35,280
199102,North Carolina A & T State University,NC,37,2023,-79.773375,36.07282,12216,4,6748,20680,34340,10258,55,598
199157,North Carolina Central University,NC,37,2023,-78.898602,35.974237,5973,3,6542,26788,39824,13884,46,383
199193,North Carolina State University at Raleigh,NC,37,2023,-78.674517,35.785111,27323,5,8895,26604,49476,14860,85,2020
199111,University of North Carolina Asheville,NC,37,2023,-82.565392,35.617068,2907,2,7461,22279,39627,14175,55,240
199120,University of North Carolina at Chapel Hill,NC,37,2023,-79.050969,35.911769,20681,5,8989,26109,56450,11140,92,2146
199139,University of North Carolina at Charlotte,NC,37,2023,-80.730919,35.306022,23981,5,7214,24672,39334,13768,68,1240
199148,University of North Carolina at Greensboro,NC,37,2023,-79.809414,36.068236,14156,4,7593,22313,38059,10592,58,877
199281,University of North Carolina at Pembroke,NC,37,2023,-79.200347,34.688313,5485,3,3571,18665,22665,9687,45,340
199184,University of North Carolina School of the Arts,NC,37,2023,-80.235672,36.076183,902,2,9477,27036,44770,11163,80,152
199218,University of North Carolina Wilmington,NC,37,2023,-77.875527,34.225223,14494,4,7317,27030,42698,18606,71,884
200004,Western Carolina University,NC,37,2023,-83.186258,35.308979,10009,4,4532,20319,24319,12252,59,622
199999,Winston-Salem State University,NC,37,2023,-80.225033,36.089554,4260,2,6735,23401,34057,12948,49,282
200022,Bismarck State College,ND,38,2023,-100.816534,46.821459,4065,2,5195,17995,20079,10792,,206
200059,Dickinson State University,ND,38,2023,-102.799679,46.882917,1392,2,9118,21558,23658,15490,40,88
200226,Mayville State University,ND,38,2023,-97.322554,47.505415,963,2,7935,21123,22752,14050,42,55
200253,Minot State University,ND,38,2023,-101.29861,48.246961,2474,2,8634,21694,21694,12349,48,171
200332,North Dakota State University-Main Campus,ND,38,2023,-96.800838,46.893127,9791,4,10857,24698,29352,16461,64,544
200086,Nueta Hidatsa Sahnish College,ND,38,2023,-102.472814,47.983311,158,1,3870,,,3669,100,29
200466,Sitting Bull College,ND,38,2023,-100.674735,46.085288,229,1,4010,14590,14590,4205,,30
200280,University of North Dakota,ND,38,2023,-97.071738,47.921654,10216,4,10951,26243,30862,18227,63,865
200572,Valley City State University,ND,38,2023,-98.00389,46.918517,1628,2,8514,21130,26094,13841,48,100
180948,Chadron State College,NE,31,2023,-103.001615,42.8199,1785,2,8078,23138,23138,13852,38,109
181419,Nebraska Indian Community College,NE,31,2023,-96.35176,42.11677,624,1,4080,,,22666,,46
181534,Peru State College,NE,31,2023,-95.732731,40.474689,1452,2,8280,22476,22476,11855,38,69
181215,University of Nebraska at Kearney,NE,31,2023,-99.098699,40.701452,4224,3,8302,26086,32044,16249,60,362
181394,University of Nebraska at Omaha,NE,31,2023,-96.008516,41.258769,11859,4,8370,24974,38962,13284,49,736
181428,University of Nebraska Medical Center,NE,31,2023,-95.973966,41.256312,897,2,,,,,,690
181464,University of Nebraska-Lincoln,NE,31,2023,-96.700508,40.817598,19338,5,10108,28656,46296,18029,66,1399
181783,Wayne State College,NE,31,2023,-97.015122,42.241556,3934,2,7970,22772,22772,15458,56,158
183062,Keene State College,NH,33,2023,-72.279276,42.926452,2718,2,14710,31070,42546,20405,58,171
183080,Plymouth State University,NH,33,2023,-71.690164,43.759573,3336,2,14558,30854,41794,20280,47,216
183071,University of New Hampshire at Manchester,NH,33,2023,-71.468755,42.987209,522,1,15820,,,13097,75,73
183257,University of New Hampshire College of Professional Studies Online,NH,33,2023,-71.468755,42.987209,1100,2,7812,,,11851,12,51
183044,University of New Hampshire-Main Campus,NH,33,2023,-70.932465,43.135934,11376,4,19112,36076,55846,24762,77,801
185262,Kean University,NJ,34,2023,-74.233503,40.677981,11234,4,13426,34430,42080,11593,43,698
185590,Montclair State University,NJ,34,2023,-74.198141,40.860414,18062,5,14766,35028,44388,13880,64,1130
185129,New Jersey City University,NJ,34,2023,-74.08727,40.709937,4209,3,13971,36289,47206,12157,39,285
185828,New Jersey Institute of Technology,NJ,34,2023,-74.177113,40.741997,9523,4,19022,41352,58264,16736,73,640
186201,Ramapo College of New Jersey,NJ,34,2023,-74.174086,41.080942,5013,3,15978,34750,45160,17348,72,280
184782,Rowan University,NJ,34,2023,-75.119119,39.709108,14869,4,15700,39342,49206,22237,68,1202
186371,Rutgers University-Camden,NJ,34,2023,-75.12224,39.948064,3922,3,17079,36231,54993,18735,66,422
186380,Rutgers University-New Brunswick,NJ,34,2023,-74.446251,40.498769,36588,5,17239,37717,56479,19052,85,4187
186399,Rutgers University-Newark,NJ,34,2023,-74.175809,40.739122,7417,4,16586,37409,56171,17425,68,700
186876,Stockton University,NJ,34,2023,-74.531087,39.492036,7812,3,15532,39034,46922,19752,72,466
187134,The College of New Jersey,NJ,34,2023,-74.778791,40.268651,7073,3,18685,40032,45915,22379,85,499
187046,Thomas Edison State University,NJ,34,2023,-74.768562,40.220487,6773,3,6638,,,,,0
187444,William Paterson University of New Jersey,NJ,34,2023,-74.200248,40.945255,6546,3,15150,35880,45194,16999,48,420
187648,Eastern New Mexico University-Main Campus,NM,35,2023,-103.34819,34.175592,4072,3,6863,21041,23021,6683,34,191
187745,Institute of American Indian and Alaska Native Culture and Arts Development,NM,35,2023,-106.010015,35.586563,755,1,5801,25089,25089,14334,28,42
187596,Navajo Technical University,NM,35,2023,-108.149392,35.687431,1523,2,4250,19022,19022,4233,11,109
187897,New Mexico Highlands University,NM,35,2023,-105.219197,35.596233,1710,2,7260,22046,26966,15106,26,166
187967,New Mexico Institute of Mining and Technology,NM,35,2023,-106.905211,34.067041,1227,2,9058,25200,42454,9133,56,157
188030,New Mexico State University-Main Campus,NM,35,2023,-106.752069,32.281568,12113,4,8147,26111,43235,8353,52,760
188058,Northern New Mexico College,NM,35,2023,-106.084395,36.004073,1310,2,6400,,,6102,22,71
187985,University of New Mexico-Main Campus,NM,35,2023,-106.620155,35.083868,16905,5,8115,26035,44370,7528,52,2229
188304,Western New Mexico University,NM,35,2023,-108.283284,32.7767,2602,2,7868,24696,31182,8712,26,142
182005,College of Southern Nevada,NV,32,2023,-115.233099,36.158114,29081,5,4110,,,7293,,863
182306,Great Basin College,NV,32,2023,-115.767274,40.84343,2936,2,3855,15425,25018,7472,9,113
441900,Nevada State University,NV,32,2023,-114.938044,35.982345,7224,3,6368,,,16255,31,249
182500,Truckee Meadows Community College,NV,32,2023,-119.796975,39.571402,10006,4,3144,,,10768,,304
182281,University of Nevada-Las Vegas,NV,32,2023,-115.138462,36.106047,25794,5,9142,26504,43460,11388,50,1679
182290,University of Nevada-Reno,NV,32,2023,-119.815377,39.543642,17965,5,8994,29264,46220,16801,62,1128
182564,Western Nevada College,NV,32,2023,-119.79036,39.186158,4188,2,3920,,,15793,,135
196079,Binghamton University,NY,36,2023,-75.966889,42.087868,14409,4,10363,30657,49747,18860,84,935
190558,College of Staten Island CUNY,NY,36,2023,-74.14849,40.601831,9786,4,7490,33359,41309,6355,48,510
190512,CUNY Bernard M Baruch College,NY,36,2023,-73.983417,40.740238,16086,4,7464,31482,39432,3989,72,737
190549,CUNY Brooklyn College,NY,36,2023,-73.949898,40.631517,11330,4,7452,,,4105,57,713
190567,CUNY City College,NY,36,2023,-73.948542,40.819846,12356,4,7340,30778,38728,4599,55,811
190576,CUNY Graduate School and University Center,NY,36,2023,-73.983822,40.748612,3237,3,7410,,,,,384
190594,CUNY Hunter College,NY,36,2023,-73.964795,40.768669,17378,5,7382,24040,31990,4127,61,1045
190600,CUNY John Jay College of Criminal Justice,NY,36,2023,-73.98841,40.770351,11678,4,7470,,,4141,55,645
190637,CUNY Lehman College,NY,36,2023,-73.895379,40.872962,11227,4,7410,,,4076,49,581
190646,CUNY Medgar Evers College,NY,36,2023,-73.957076,40.666256,3846,2,7352,,,6207,19,211
190655,CUNY New York City College of Technology,NY,36,2023,-73.987856,40.695483,13767,4,7332,,,5417,23,674
190664,CUNY Queens College,NY,36,2023,-73.820053,40.736416,13998,4,7538,29336,37286,5339,60,845
190691,CUNY York College,NY,36,2023,-73.796313,40.701576,5906,3,7358,,,5631,30,316
196264,Empire State University,NY,36,2023,-73.782484,43.077283,7789,3,7630,,,11065,22,325
196042,Farmingdale State College,NY,36,2023,-73.42832,40.754224,9508,3,8576,26422,36332,8224,59,456
191126,Fashion Institute of Technology,NY,36,2023,-73.994781,40.74731,7843,3,6170,35943,46523,19649,,446
196149,State University of New York at Cortland,NY,36,2023,-76.188655,42.598022,5905,3,8815,28275,38185,18474,68,408
196176,State University of New York at New Paltz,NY,36,2023,-74.082188,41.740936,6504,3,8524,29360,39270,17848,69,430
196194,State University of New York at Oswego,NY,36,2023,-76.540798,43.454287,5652,3,8769,27509,37419,16923,60,424
196097,Stony Brook University,NY,36,2023,-73.12046,40.91476,17549,5,10560,32370,52160,18601,78,2431
196158,SUNY at Fredonia,NY,36,2023,-79.337375,42.452236,2877,2,8771,26701,37121,15830,53,271
196219,SUNY at Purchase College,NY,36,2023,-73.701955,41.047223,3165,2,8953,29043,38953,18651,62,266
196121,SUNY Brockport,NY,36,2023,-77.947188,43.211926,5429,3,8678,27658,34728,15343,57,385
196130,SUNY Buffalo State University,NY,36,2023,-78.882125,42.933832,5572,3,8486,29068,39488,13735,36,396
196167,SUNY College at Geneseo,NY,36,2023,-77.821894,42.796645,3868,2,8966,27846,38086,18698,72,258
196246,SUNY College at Plattsburgh,NY,36,2023,-73.466536,44.69293,3856,2,8881,29521,39431,15982,59,269
196200,SUNY College at Potsdam,NY,36,2023,-74.973815,44.662148,2211,2,8712,26642,36552,14574,48,238
196033,SUNY College of Agriculture and Technology at Cobleskill,NY,36,2023,-74.498258,42.672534,1792,2,8676,28994,38904,18122,54,120
196103,SUNY College of Environmental Science and Forestry,NY,36,2023,-76.138724,43.034765,2346,2,9206,29276,41106,19644,68,149
196006,SUNY College of Technology at Alfred,NY,36,2023,-77.794632,42.255262,3749,2,8862,26588,34093,14877,45,197
196015,SUNY College of Technology at Canton,NY,36,2023,-75.182906,44.604096,2919,2,8689,28967,33797,14451,51,143
196024,SUNY College of Technology at Delhi,NY,36,2023,-74.924612,42.269859,2634,2,8710,27456,31226,16923,56,156
196255,SUNY Downstate Health Sciences University,NY,36,2023,-73.945535,40.653855,286,2,,,,,,493
196291,SUNY Maritime College,NY,36,2023,-73.795309,40.807217,1243,2,8540,29786,39696,20398,76,91
196051,SUNY Morrisville,NY,36,2023,-75.640583,42.893962,2030,2,8769,27539,37959,16855,34,135
196237,SUNY Old Westbury,NY,36,2023,-73.571907,40.799021,4040,2,8379,26279,36189,10495,47,230
196185,SUNY Oneonta,NY,36,2023,-75.063632,42.468861,4904,3,8812,28922,39342,17918,70,333
196112,SUNY Polytechnic Institute,NY,36,2023,-75.229841,43.137701,1904,2,8578,26928,38578,14646,59,160
196060,University at Albany,NY,36,2023,-73.824662,42.685489,12190,4,10408,29790,48380,19165,64,821
196088,University at Buffalo,NY,36,2023,-78.789458,43.000942,20463,5,10782,33788,53578,20511,73,2066
196307,Upstate Medical University,NY,36,2023,-76.140009,43.041819,118,2,,,,,,741
201432,Bowling Green State University-Firelands,OH,39,2023,-82.594266,41.397566,1928,2,6206,,,16169,,77
201441,Bowling Green State University-Main Campus,OH,39,2023,-83.640896,41.375513,14014,4,14081,31699,39688,20987,62,860
201672,Central Ohio Technical College,OH,39,2023,-82.447441,40.069314,2890,2,5136,,,9439,,82
201690,Central State University,OH,39,2023,-83.880186,39.715787,3429,2,7824,22014,24014,14821,26,159
201928,Cincinnati State Technical and Community College,OH,39,2023,-84.536936,39.149915,8681,3,5400,,,6489,,480
201973,Clark State College,OH,39,2023,-83.799788,39.896411,4724,2,4200,,,8329,,164
202134,Cleveland State University,OH,39,2023,-81.674355,41.502281,9463,4,12613,32043,37403,16307,49,719
203678,James A. Rhodes State College,OH,39,2023,-84.026319,40.738347,3968,2,4657,,,8979,,89
203447,Kent State University at Ashtabula,OH,39,2023,-80.830377,41.888296,1762,2,7272,,,10502,0,52
203456,Kent State University at East Liverpool,OH,39,2023,-80.576702,40.616966,1056,2,7272,,,9788,0,21
203526,Kent State University at Geauga,OH,39,2023,-81.143085,41.483727,2154,2,7272,,,10524,0,51
203517,Kent State University at Kent,OH,39,2023,-81.342533,41.146653,20485,5,12846,31818,41288,20333,65,1189
203492,Kent State University at Salem,OH,39,2023,-80.835458,40.86408,1463,2,7272,,,10796,2,43
203465,Kent State University at Stark,OH,39,2023,-81.43731,40.868568,3423,2,7272,,,10977,2,119
203474,Kent State University at Trumbull,OH,39,2023,-80.836233,41.278748,2029,2,7272,,,10075,1,47
203483,Kent State University at Tuscarawas,OH,39,2023,-81.407707,40.467736,1885,2,7272,,,11448,5,71
203748,Lorain County Community College,OH,39,2023,-82.073549,41.413293,9410,3,4135,,,4397,,278
203881,Marion Technical College,OH,39,2023,-83.089156,40.577017,3008,2,6475,,,7625,,81
204006,Miami University-Hamilton,OH,39,2023,-84.563385,39.377448,2345,2,7278,,,12407,20,153
204015,Miami University-Middletown,OH,39,2023,-84.35724,39.523776,1213,2,7278,,,13457,22,51
204024,Miami University-Oxford,OH,39,2023,-84.732954,39.507757,16478,4,17809,38757,60973,27928,82,953
204422,North Central State College,OH,39,2023,-82.581582,40.798777,2451,2,4624,,,3763,,73
204671,Ohio State University-Lima Campus,OH,39,2023,-84.02384,40.738521,739,1,9212,,,12727,12,40
204796,Ohio State University-Main Campus,OH,39,2023,-83.007525,39.999803,45728,5,12859,31231,56737,19575,88,5920
204680,Ohio State University-Mansfield Campus,OH,39,2023,-82.580194,40.796536,843,1,9212,25278,50784,15920,7,44
204699,Ohio State University-Marion Campus,OH,39,2023,-83.090597,40.577779,884,1,9212,,,14514,8,54
204705,Ohio State University-Newark Campus,OH,39,2023,-82.447441,40.069314,2422,2,9212,25278,50784,13843,5,78
204820,Ohio University-Chillicothe Campus,OH,39,2023,-83.002175,39.329404,1941,2,6178,,,5304,10,45
204802,Ohio University-Eastern Campus,OH,39,2023,-80.976073,40.073392,1149,2,6178,,,3897,19,22
204848,Ohio University-Lancaster Campus,OH,39,2023,-82.586069,39.738752,1977,2,6178,,,4935,11,40
204857,Ohio University-Main Campus,OH,39,2023,-82.100985,39.326798,19100,5,13746,31096,41464,20550,66,1048
204839,Ohio University-Southern Campus,OH,39,2023,-82.666876,38.524781,1639,2,6178,,,4682,12,37
204866,Ohio University-Zanesville Campus,OH,39,2023,-82.031063,39.96098,1799,2,6178,,,5715,18,42
205443,Shawnee State University,OH,39,2023,-82.993769,38.730867,2982,2,9622,26372,32907,14815,47,174
205470,Sinclair Community College,OH,39,2023,-84.200628,39.757598,17431,4,3435,,,5824,,561
200800,University of Akron Main Campus,OH,39,2023,-81.511167,41.075923,11452,4,12799,28665,33105,15292,53,738
201955,University of Cincinnati-Blue Ash College,OH,39,2023,-84.399956,39.234333,7166,3,6992,,,9388,,234
201946,University of Cincinnati-Clermont College,OH,39,2023,-84.19437,39.080645,8324,3,6554,,,8892,,167
201885,University of Cincinnati-Main Campus,OH,39,2023,-84.51428,39.131159,31184,5,13570,33342,50354,21511,71,2684
206084,University of Toledo,OH,39,2023,-83.614714,41.660572,11447,4,12377,32309,41669,17927,58,665
206446,Washington State Community College,OH,39,2023,-81.43392,39.430824,1637,2,4128,,,7758,,101
206613,Wright State University-Lake Campus,OH,39,2023,-84.509194,40.546074,1398,2,7504,23374,32792,12039,39,36
206604,Wright State University-Main Campus,OH,39,2023,-84.064881,39.780634,7012,3,11188,26858,36276,15400,46,563
206695,Youngstown State University,OH,39,2023,-80.64659,41.104928,8436,4,10791,26399,26759,11740,53,441
204255,Zane State College,OH,39,2023,-82.031198,39.96241,1619,2,5856,,,7397,,62
206914,Cameron University,OK,40,2023,-98.434163,34.606487,3244,2,6900,23823,33243,11094,28,138
207041,East Central University,OK,40,2023,-96.663849,34.771934,2460,2,8032,21440,30950,9355,33,155
207209,Langston University,OK,40,2023,-97.260317,35.943982,1743,2,6728,21394,28921,10589,19,113
207263,Northeastern State University,OK,40,2023,-94.967229,35.919939,5006,3,7513,22027,31147,11153,37,297
207306,Northwestern Oklahoma State University,OK,40,2023,-98.667673,36.796658,1724,2,5970,19090,24784,12067,35,103
207351,Oklahoma Panhandle State University,OK,40,2023,-101.638488,36.594518,1071,2,7922,15687,16438,5274,31,47
207564,Oklahoma State University Institute of Technology,OK,40,2023,-95.940373,35.626934,2493,2,5774,18288,23898,10889,,109
207388,Oklahoma State University-Main Campus,OK,40,2023,-97.069743,36.123085,21354,5,10234,28234,43754,18291,66,1407
207397,Oklahoma State University-Oklahoma City,OK,40,2023,-97.581959,35.474969,4134,2,3779,,,5347,,122
207661,Rogers State University,OK,40,2023,-95.635718,36.321437,3094,2,7392,24340,32124,13953,31,115
207847,Southeastern Oklahoma State University,OK,40,2023,-96.376864,34.006808,3207,3,7200,19376,28586,8064,33,174
207865,Southwestern Oklahoma State University,OK,40,2023,-98.707768,35.535281,3995,2,8295,24541,24571,14761,36,232
206941,University of Central Oklahoma,OK,40,2023,-97.471508,35.6552,10454,4,8522,27168,38055,18893,37,578
207342,University of Oklahoma-Health Sciences Center,OK,40,2023,-97.496289,35.47928,1143,2,,,,,,1068
207500,University of Oklahoma-Norman Campus,OK,40,2023,-97.444211,35.209407,22025,5,9595,30486,47556,19900,75,1507
207722,University of Science and Arts of Oklahoma,OK,40,2023,-97.95641,35.031392,914,1,9000,21770,32960,8685,36,63
208390,Chemeketa Community College,OR,41,2023,-122.978076,44.978655,7433,3,6210,,,8455,,261
208646,Eastern Oregon University,OR,41,2023,-118.092495,45.319795,2515,2,10671,28188,42138,17219,37,143
209250,Mt Hood Community College,OR,41,2023,-122.396972,45.514862,6271,3,5175,,,6667,,204
209490,Oregon Health & Science University,OR,41,2023,-122.686096,45.498772,788,2,,,,,,2319
209506,Oregon Institute of Technology,OR,41,2023,-121.785177,42.257152,5012,3,12687,28923,51828,17274,59,212
209542,Oregon State University,OR,41,2023,-123.274723,44.56395,30021,5,13494,32205,54375,21868,71,1469
440828,Oregon State University-Cascades Campus,OR,41,2023,-121.333703,44.042795,1058,2,12594,31305,53655,18949,51,15
209807,Portland State University,OR,41,2023,-122.686289,45.511601,15960,5,11238,28023,46923,12509,53,949
210146,Southern Oregon University,OR,41,2023,-122.695081,42.185077,4368,3,12093,30840,49470,17433,44,162
209551,University of Oregon,OR,41,2023,-123.075792,44.045146,19963,5,15669,35721,63354,23917,71,1168
210429,Western Oregon University,OR,41,2023,-123.238309,44.852235,3249,2,11025,26406,46116,15249,45,251
211608,Cheyney University of Pennsylvania,PA,42,2023,-75.529262,39.932274,724,1,10904,26852,34818,8460,16,47
498562,Commonwealth University of Pennsylvania,PA,42,2023,-76.447844,41.00782,9967,4,11046,26470,38294,18004,54,553
212115,East Stroudsburg University of Pennsylvania,PA,42,2023,-75.173905,40.99599,4697,3,11036,29048,37014,15318,44,251
213020,Indiana University of Pennsylvania-Main Campus,PA,42,2023,-79.159332,40.617531,7432,3,11380,27362,32279,17665,53,411
213349,Kutztown University of Pennsylvania,PA,42,2023,-75.783933,40.513561,6420,3,11230,29866,35070,21856,54,329
213598,Lincoln University,PA,42,2023,-75.926458,39.807723,1717,2,12512,28505,35377,12910,52,135
214041,Millersville University of Pennsylvania,PA,42,2023,-76.357381,40.000337,5724,3,12262,29262,33232,20860,54,296
366252,Pennsylvania College of Technology,PA,42,2023,-77.023665,41.234145,4287,2,17940,35271,43011,24650,54,331
214777,Pennsylvania State University-Main Campus,PA,42,2023,-77.862848,40.7965,42223,5,20234,39892,59846,27450,86,4395
214801,Pennsylvania State University-Penn State Abington,PA,42,2023,-75.110724,40.117101,3095,2,15240,33780,43928,17561,22,206
214689,Pennsylvania State University-Penn State Altoona,PA,42,2023,-78.409601,40.541759,2421,2,15944,36392,47116,22506,18,193
214698,Pennsylvania State University-Penn State Beaver,PA,42,2023,-80.296316,40.678271,504,1,14380,33860,43352,19329,21,44
214704,Pennsylvania State University-Penn State Berks,PA,42,2023,-75.97329,40.358839,1940,2,15944,36804,47528,22450,23,141
214731,Pennsylvania State University-Penn State Brandywine,PA,42,2023,-75.449704,39.927123,1223,2,15180,35628,45566,21739,21,84
214740,Pennsylvania State University-Penn State DuBois,PA,42,2023,-78.751554,41.127184,353,1,14380,,,18960,22,38
214591,Pennsylvania State University-Penn State Erie-Behrend College,PA,42,2023,-79.983818,42.119417,3226,2,15944,37346,48070,20964,46,275
214759,Pennsylvania State University-Penn State Fayette- Eberly,PA,42,2023,-79.659317,39.946455,419,1,14380,,,18780,31,46
214786,Pennsylvania State University-Penn State Greater Allegheny,PA,42,2023,-79.827428,40.345591,361,1,14380,33030,42522,14933,27,43
214713,Pennsylvania State University-Penn State Harrisburg,PA,42,2023,-76.741216,40.204253,4164,2,15944,38442,49166,22406,29,299
214768,Pennsylvania State University-Penn State Hazleton,PA,42,2023,-76.030975,40.98396,510,1,15180,33830,43768,19920,14,46
214670,Pennsylvania State University-Penn State Lehigh Valley,PA,42,2023,-75.40267,40.559201,954,1,15180,,,19070,17,58
214795,Pennsylvania State University-Penn State Mont Alto,PA,42,2023,-77.541797,39.842212,587,1,14380,33030,42522,20294,18,61
214625,Pennsylvania State University-Penn State New Kensington,PA,42,2023,-79.697461,40.551056,456,1,14380,,,19294,20,47
214810,Pennsylvania State University-Penn State Schuylkill,PA,42,2023,-76.166374,40.640512,650,1,15180,30518,40456,20317,16,49
214652,Pennsylvania State University-Penn State Scranton,PA,42,2023,-75.621401,41.439843,837,1,15180,,,18239,31,72
214634,Pennsylvania State University-Penn State Shenango,PA,42,2023,-80.50924,41.235131,332,1,14002,,,14895,11,39
214643,Pennsylvania State University-Penn State Wilkes-Barre,PA,42,2023,-76.016151,41.305602,348,1,14258,,,16275,16,32
214829,Pennsylvania State University-Penn State York,PA,42,2023,-76.703486,39.95283,702,1,15180,,,19159,12,52
479956,Pennsylvania State University-World Campus,PA,42,2023,-77.862848,40.7965,7945,4,15204,,,21171,31,0
498571,Pennsylvania Western University,PA,42,2023,-79.88679,40.064964,8336,4,11388,29308,33926,19579,53,532
216010,Shippensburg University of Pennsylvania,PA,42,2023,-77.522335,40.057933,4421,3,13544,31078,33332,23344,52,255
216038,Slippery Rock University of Pennsylvania,PA,42,2023,-80.045965,41.062719,6803,3,10507,26035,30143,18407,66,377
216339,Temple University,PA,42,2023,-75.156859,39.980546,21720,5,22082,44756,60136,29641,75,2620
215266,University of Pittsburgh-Bradford,PA,42,2023,-78.673701,41.943415,1003,2,14620,31000,42874,17015,47,80
215275,University of Pittsburgh-Greensburg,PA,42,2023,-79.532676,40.276447,1326,2,14630,32652,44526,17196,40,84
215284,University of Pittsburgh-Johnstown,PA,42,2023,-78.834163,40.265957,1940,2,14646,32468,44342,17909,54,136
215293,University of Pittsburgh-Pittsburgh Campus,PA,42,2023,-79.953254,40.444388,25171,5,21524,38446,56812,24338,84,4887
216764,West Chester University of Pennsylvania,PA,42,2023,-75.59812,39.953398,14344,4,10687,29101,40925,21684,70,745
217420,Rhode Island College,RI,44,2023,-71.46556,41.842415,4785,3,10986,27345,42878,11549,46,380
217484,University of Rhode Island,RI,44,2023,-71.527356,41.484691,14670,4,16408,34994,54390,20964,70,923
217864,Citadel Military College of South Carolina,SC,45,2023,-79.958775,32.797183,2661,2,12570,33880,58680,21041,73,244
217882,Clemson University,SC,45,2023,-82.835114,34.679381,22875,5,15554,35338,59282,24408,88,1633
218724,Coastal Carolina University,SC,45,2023,-79.011767,33.794995,10306,4,11640,28418,46406,14453,51,569
217819,College of Charleston,SC,45,2023,-79.939794,32.784225,10660,4,12978,33096,56976,20806,65,638
218061,Francis Marion University,SC,45,2023,-79.652854,34.189777,3623,2,11160,25490,35874,11231,43,241
218113,Greenville Technical College,SC,45,2023,-82.371178,34.826212,10661,4,5639,,,6267,,428
218229,Lander University,SC,45,2023,-82.164736,34.199892,3669,2,11700,28070,37670,14657,49,216
218335,Medical University of South Carolina,SC,45,2023,-79.947158,32.784363,281,2,,,,,,336
218733,South Carolina State University,SC,45,2023,-80.848722,33.497968,2762,2,11060,30060,40750,17928,29,153
218645,University of South Carolina Aiken,SC,45,2023,-81.767612,33.572704,3109,2,10760,23836,34294,11697,40,193
218654,University of South Carolina Beaufort,SC,45,2023,-80.973595,32.303308,2067,2,10730,25861,36907,15781,39,126
218663,University of South Carolina-Columbia,SC,45,2023,-81.026935,33.996788,28470,5,12688,31977,54223,26068,78,1979
218742,University of South Carolina-Upstate,SC,45,2023,-81.970583,34.996403,4471,2,11583,26860,37822,13794,42,262
218964,Winthrop University,SC,45,2023,-81.031404,34.941515,3787,2,15956,31252,45582,16838,61,295
219046,Black Hills State University,SD,46,2023,-103.870966,44.494889,3279,2,9000,22100,25200,16474,40,129
219082,Dakota State University,SD,46,2023,-97.113358,44.013014,2950,2,9633,26109,29211,19115,48,112
219259,Northern State University,SD,46,2023,-98.484728,45.450829,2932,2,8845,23345,26447,16873,55,105
219277,Oglala Lakota College,SD,46,2023,-102.240331,43.366813,1180,2,2684,15534,15534,3563,4,66
219374,Sinte Gleska University,SD,46,2023,-100.622549,43.298878,607,1,4714,,,7439,0,33
219408,Sisseton Wahpeton College,SD,46,2023,-97.060835,45.562731,215,1,4330,12030,12030,3284,,22
219347,South Dakota School of Mines and Technology,SD,46,2023,-103.205753,44.075439,2170,2,10400,26100,30500,20243,58,160
219356,South Dakota State University,SD,46,2023,-96.782139,44.317485,10177,4,9299,24744,28254,18233,59,556
219471,University of South Dakota,SD,46,2023,-96.925283,42.786019,7095,3,9432,24639,28149,18466,61,488
219602,Austin Peay State University,TN,47,2023,-87.354081,36.533319,8587,3,8675,26515,32059,14679,43,495
220075,East Tennessee State University,TN,47,2023,-82.366954,36.301643,10633,4,9950,28500,32340,16033,50,808
220978,Middle Tennessee State University,TN,47,2023,-86.360618,35.848005,17668,5,9506,27820,47356,12700,54,1024
221838,Tennessee State University,TN,47,2023,-86.828275,36.166321,6765,3,8568,25868,39584,9231,34,430
221847,Tennessee Technological University,TN,47,2023,-85.504039,36.174754,8838,4,10084,27266,37298,15138,54,490
487010,The University of Tennessee Health Science Center,TN,47,2023,-90.033196,35.138847,376,2,,,,,,1468
220701,The University of Tennessee Southern,TN,47,2023,-87.035661,35.201019,946,1,10506,28106,28106,15642,34,63
221740,The University of Tennessee-Chattanooga,TN,47,2023,-85.300247,35.047519,9982,4,10144,26546,34610,13801,53,608
221759,The University of Tennessee-Knoxville,TN,47,2023,-83.925852,35.952082,28883,5,13484,33678,52168,20885,73,1958
221768,The University of Tennessee-Martin,TN,47,2023,-88.864211,36.340338,6234,3,10208,23588,29628,11151,55,324
220862,University of Memphis,TN,47,2023,-89.938068,35.118878,16771,5,10344,28070,32510,13656,49,1043
222831,Angelo State University,TX,48,2023,-100.465051,31.440914,9623,4,8319,25189,35269,12518,41,341
222992,Austin Community College District,TX,48,2023,-97.713778,30.326304,35600,5,2550,,,3502,,960
223506,Brazosport College,TX,48,2023,-95.40934,29.048604,4100,2,2388,,,5659,,188
226408,College of the Mainland,TX,48,2023,-94.999602,29.39581,4961,2,1773,,,3442,,150
247834,Collin County Community College District,TX,48,2023,-96.63894,33.16241,37772,5,1864,22282,24382,8071,,1041
224615,Dallas College,TX,48,2023,-96.794036,32.766319,66592,5,2370,,,4068,,1425
224350,Del Mar College,TX,48,2023,-97.40762,27.763619,9720,3,3440,,,4322,,409
224961,Galveston College,TX,48,2023,-94.807686,29.284735,2119,2,2546,18882,21342,8085,,84
225070,Grayson College,TX,48,2023,-96.633891,33.70574,4176,2,2910,16408,18028,6394,,155
225423,Houston Community College,TX,48,2023,-95.377319,29.742114,49749,5,2040,,,6033,,1427
226091,Lamar University,TX,48,2023,-94.072244,30.042738,7998,4,8690,25302,35094,10999,37,460
226134,Laredo College,TX,48,2023,-99.520772,27.506477,10191,4,3300,,,5053,,199
227182,Lone Star College System,TX,48,2023,-95.488103,30.18737,70991,5,3090,,,11049,,1830
226806,Midland College,TX,48,2023,-102.106153,32.029646,5219,3,3030,15171,16431,6396,,216
226833,Midwestern State University,TX,48,2023,-98.519386,33.874809,4508,3,10310,25126,27076,11798,41,271
227146,Navarro College,TX,48,2023,-96.498731,32.076061,6549,3,3008,22961,24821,12099,,184
227304,Odessa College,TX,48,2023,-102.383477,31.866812,8708,3,2640,14337,15231,4300,,211
227526,Prairie View A & M University,TX,48,2023,-95.989475,30.092425,8527,3,11299,27798,43373,14065,43,475
227881,Sam Houston State University,TX,48,2023,-95.546205,30.714738,18179,5,9228,26194,35986,14556,55,913
227924,San Antonio College,TX,48,2023,-98.497647,29.44634,18975,4,3412,,,5832,,381
227979,San Jacinto Community College,TX,48,2023,-95.114677,29.660032,31494,5,1992,,,7674,,769
409315,South Texas College,TX,48,2023,-98.253634,26.217591,26440,5,4920,,,1414,11,704
228431,Stephen F Austin State University,TX,48,2023,-94.64908,31.621056,9575,4,10600,26804,36884,15498,52,555
228501,Sul Ross State University,TX,48,2023,-103.651469,30.363139,1441,2,7592,24916,34708,12240,27,98
228529,Tarleton State University,TX,48,2023,-98.219039,32.217805,13688,4,7878,24100,34180,15363,51,582
226152,Texas A & M International University,TX,48,2023,-99.436043,27.571172,7004,3,7846,21892,33428,3833,49,311
228723,Texas A & M University-College Station,TX,48,2023,-96.336475,30.618726,59933,5,13099,33507,60736,21610,84,3458
224554,Texas A & M University-Commerce,TX,48,2023,-95.904579,33.242112,8318,4,10026,24004,36604,11902,46,507
224147,Texas A & M University-Corpus Christi,TX,48,2023,-97.32395,27.713723,7822,4,9748,27275,38560,14991,34,466
228705,Texas A & M University-Kingsville,TX,48,2023,-97.882387,27.525168,5187,3,9892,25227,41441,10474,46,339
483036,Texas A&M University-Central Texas,TX,48,2023,-97.775182,31.053407,1702,2,6627,,,437,,122
459949,Texas A&M University-San Antonio,TX,48,2023,-98.52417,29.304762,6706,3,9548,25812,39388,13263,29,271
224545,Texas A&M University-Texarkana,TX,48,2023,-94.103617,33.490482,1760,2,7930,26658,39675,13320,28,116
229063,Texas Southern University,TX,48,2023,-95.361113,29.721046,6619,3,9173,27769,40369,15021,20,465
228459,Texas State University,TX,48,2023,-97.943029,29.888885,34547,5,11450,28630,40390,15307,56,1526
229115,Texas Tech University,TX,48,2023,-101.874783,33.583448,32635,5,11852,28022,40621,16773,64,1777
229337,Texas Tech University Health Sciences Center,TX,48,2023,-101.891915,33.589284,1374,2,,,,,,759
492689,Texas Tech University Health Sciences Center-El Paso,TX,48,2023,-106.43122,31.771891,235,1,,,,,,285
229179,Texas Woman's University,TX,48,2023,-97.127842,33.226211,10260,4,8648,24710,34782,10763,44,613
228769,The University of Texas at Arlington,TX,48,2023,-97.11296,32.729718,31112,5,11728,28776,46708,14956,57,1338
228778,The University of Texas at Austin,TX,48,2023,-97.738273,30.282825,42444,5,11678,31572,62672,18036,88,3012
228787,The University of Texas at Dallas,TX,48,2023,-96.749702,32.984673,21330,5,14564,33376,58876,13464,71,997
228796,The University of Texas at El Paso,TX,48,2023,-106.504098,31.77015,20609,5,9744,25916,41684,10333,46,892
229027,The University of Texas at San Antonio,TX,48,2023,-98.620657,29.583709,30310,5,8991,24766,37740,10831,51,1175
228802,The University of Texas at Tyler,TX,48,2023,-95.254337,32.315772,7287,3,9920,26582,41860,14043,47,730
229300,The University of Texas Health Science Center at Houston,TX,48,2023,-95.403183,29.702873,460,3,,,,,,2157
228644,The University of Texas Health Science Center at San Antonio,TX,48,2023,-98.575655,29.508107,864,2,,,,,,924
416801,The University of Texas MD Anderson Cancer Center,TX,48,2023,-95.396804,29.707016,322,1,,,,,,23
228653,The University of Texas Medical Branch at Galveston,TX,48,2023,-94.775956,29.310758,559,2,,,,,,688
229018,The University of Texas Permian Basin,TX,48,2023,-102.329634,31.889509,4654,3,10904,28766,41074,10143,43,205
227368,The University of Texas Rio Grande Valley,TX,48,2023,-98.173567,26.306759,27040,5,9859,24477,34557,6978,49,1464
225308,Trinity Valley Community College,TX,48,2023,-95.858513,32.196596,5300,3,2640,19680,20730,4327,,177
229355,Tyler Junior College,TX,48,2023,-95.284122,32.33601,11977,4,3112,21226,21976,9148,,406
225511,University of Houston,TX,48,2023,-95.343537,29.720393,37946,5,9711,26734,39214,13738,65,1733
225414,University of Houston-Clear Lake,TX,48,2023,-95.098129,29.582523,6108,3,7746,24376,37960,10488,51,360
225432,University of Houston-Downtown,TX,48,2023,-95.359338,29.7661,12880,4,7708,,,14269,34,492
225502,University of Houston-Victoria,TX,48,2023,-96.976334,28.816248,2707,2,7499,22751,32543,9912,27,156
227216,University of North Texas,TX,48,2023,-97.148422,33.211178,33858,5,11164,26987,37067,14675,60,1240
484905,University of North Texas at Dallas,TX,48,2023,-96.803446,32.659588,3018,2,9590,24908,37507,9109,44,170
229799,Weatherford College,TX,48,2023,-97.792629,32.74133,5440,3,4560,19242,21762,8264,,200
229814,West Texas A & M University,TX,48,2023,-101.914736,34.982789,6786,3,9101,24604,26499,17182,47,378
230597,Snow College,UT,49,2023,-111.58296,39.360177,5506,3,4564,13614,23180,7258,0,208
230603,Southern Utah University,UT,49,2023,-113.070146,37.674617,13043,4,6770,20294,34110,12375,51,443
230764,University of Utah,UT,49,2023,-111.846044,40.762484,26827,5,9315,30613,51135,13341,64,2586
230728,Utah State University,UT,49,2023,-111.81391,41.740748,25048,5,9228,22920,38494,15825,55,1081
230171,Utah Tech University,UT,49,2023,-113.565903,37.102769,12481,4,6074,23664,35234,15488,24,402
230737,Utah Valley University,UT,49,2023,-111.716456,40.281078,43794,5,6270,,,8650,37,1007
230782,Weber State University,UT,49,2023,-111.944845,41.192591,29534,5,6391,22083,32776,11572,46,755
231712,Christopher Newport University,VA,51,2023,-76.494364,37.062495,4407,2,16351,34523,49160,22864,75,331
232186,George Mason University,VA,51,2023,-77.307063,38.83195,27666,5,13815,33748,59330,18900,69,1907
232423,James Madison University,VA,51,2023,-78.870484,38.436311,21006,5,13576,31974,49188,26317,81,1168
232566,Longwood University,VA,51,2023,-78.396987,37.297975,3223,2,15200,35131,47341,22900,62,264
232937,Norfolk State University,VA,51,2023,-76.261375,36.848429,5510,3,9910,27502,39004,12272,33,286
232982,Old Dominion University,VA,51,2023,-76.30666,36.886418,17736,5,12262,31654,52054,16150,44,1141
233277,Radford University,VA,51,2023,-80.549728,37.136907,5704,3,12286,29171,42070,18282,50,506
232681,University of Mary Washington,VA,51,2023,-77.476055,38.302492,3611,2,14559,32549,49469,21615,67,257
234076,University of Virginia-Main Campus,VA,51,2023,-78.503428,38.035665,17612,5,20986,39926,76954,17831,95,2577
233897,University of Virginia's College at Wise,VA,51,2023,-82.559656,36.970602,1911,2,11656,28401,49285,10409,50,109
234030,Virginia Commonwealth University,VA,51,2023,-77.452697,37.54962,21205,5,16458,39967,62551,22852,65,2448
234085,Virginia Military Institute,VA,51,2023,-79.437067,37.7896,1560,2,20484,34824,65526,17229,82,155
233921,Virginia Polytechnic Institute and State University,VA,51,2023,-80.423675,37.229012,30504,5,15478,37252,58468,22205,86,2296
234155,Virginia State University,VA,51,2023,-77.419026,37.234692,4829,3,9755,27661,39912,16184,41,372
231624,William & Mary,VA,51,2023,-76.708214,37.269489,6963,3,25040,43035,67407,20422,91,751
231174,University of Vermont,VT,50,2023,-73.196646,44.477325,12168,4,18890,35798,60798,22062,79,1105
231165,Vermont State University,VT,50,2023,-72.604498,43.939623,4087,3,11400,26948,36956,21253,45,404
234669,Bellevue College,WA,53,2023,-122.150118,47.584014,11472,4,4305,28239,34117,11926,,378
234696,Bellingham Technical College,WA,53,2023,-122.51216,48.766189,1850,2,4226,,,7517,,103
234711,Big Bend Community College,WA,53,2023,-119.325678,47.183651,1786,2,4909,28981,29515,12650,,88
439190,Cascadia College,WA,53,2023,-122.191572,47.760915,2013,2,4914,,,13863,,61
234827,Central Washington University,WA,53,2023,-120.538368,47.002687,8309,3,9192,30438,48017,15558,50,498
234845,Centralia College,WA,53,2023,-122.960591,46.715017,2335,2,5109,27624,28158,12280,,110
234933,Clark College,WA,53,2023,-122.651257,45.636133,7149,3,4632,,,11547,,330
234951,Clover Park Technical College,WA,53,2023,-122.497873,47.176084,3040,2,6634,,,6216,,166
234979,Columbia Basin College,WA,53,2023,-119.12103,46.25216,6729,3,6194,20099,22144,10348,,208
235097,Eastern Washington University,WA,53,2023,-117.583808,47.490667,7246,4,8353,27898,45437,13786,47,472
235103,Edmonds College,WA,53,2023,-122.327598,47.816376,6028,3,4669,28603,34487,14049,,254
235149,Everett Community College,WA,53,2023,-122.204736,48.006626,6211,3,4301,26819,32698,13184,,213
235334,Grays Harbor College,WA,53,2023,-123.803068,46.953881,1663,2,4751,,,6475,,83
235343,Green River College,WA,53,2023,-122.175819,47.313648,7361,3,4580,,,13621,,256
235431,Highline College,WA,53,2023,-122.303064,47.388231,5126,3,4623,21813,22346,13467,,260
235699,Lake Washington Institute of Technology,WA,53,2023,-122.167131,47.705077,3357,2,5156,,,8545,,165
235750,Lower Columbia College,WA,53,2023,-122.935928,46.14214,2412,2,4346,26864,28151,10613,,127
236072,North Seattle College,WA,53,2023,-122.333584,47.698408,5017,3,5058,,,10864,,179
380377,Northwest Indian College,WA,53,2023,-122.614656,48.794131,696,1,3969,13963,13963,9875,29,46
236188,Olympic College,WA,53,2023,-122.635113,47.574769,5413,3,4197,19605,25148,11105,,234
236258,Peninsula College,WA,53,2023,-123.412865,48.101295,1837,2,4586,,,6525,,86
235237,Pierce College District,WA,53,2023,-122.570935,47.172082,7427,3,4686,22949,23474,10851,,248
236382,Renton Technical College,WA,53,2023,-122.176303,47.489206,3060,2,6723,,,7621,78,121
236513,Seattle Central College,WA,53,2023,-122.321231,47.616748,5210,3,4865,,,8093,,277
236638,Skagit Valley College,WA,53,2023,-122.30894,48.437194,4098,2,5620,19230,21171,8365,,205
236504,South Seattle College,WA,53,2023,-122.352672,47.5475,5295,3,4865,,,8596,,146
236692,Spokane Community College,WA,53,2023,-117.360065,47.674034,6286,3,4057,,,6773,,331
236708,Spokane Falls Community College,WA,53,2023,-117.463538,47.676741,3903,2,4058,,,8679,,181
236753,Tacoma Community College,WA,53,2023,-122.524793,47.244622,5771,3,4920,,,10648,,210
235167,The Evergreen State College,WA,53,2023,-122.977492,47.07382,2108,2,8999,29804,51785,18480,44,110
377555,University of Washington-Bothell Campus,WA,53,2023,-122.191293,47.759773,5248,3,12559,34684,64038,10013,68,244
236948,University of Washington-Seattle Campus,WA,53,2023,-122.30514,47.65538,39515,5,12643,34552,63906,11023,84,5846
377564,University of Washington-Tacoma Campus,WA,53,2023,-122.438541,47.244594,4014,2,12817,33247,62601,11290,62,301
236887,Walla Walla Community College,WA,53,2023,-118.276505,46.078557,2982,2,6513,,,10645,,185
236939,Washington State University,WA,53,2023,-117.158168,46.730448,21923,5,12997,30532,46608,18155,62,1535
236975,Wenatchee Valley College,WA,53,2023,-120.337198,47.431234,2819,2,5118,17463,17997,11977,,160
237011,Western Washington University,WA,53,2023,-122.485734,48.737812,13704,4,9286,29967,48534,22096,66,793
237039,Whatcom Community College,WA,53,2023,-122.493253,48.7939,3490,2,5146,29080,35030,11629,,148
237109,Yakima Valley College,WA,53,2023,-120.528525,46.586098,3523,2,5163,19038,19572,12326,,207
260372,Lac Courte Oreilles Ojibwe University,WI,55,2023,-91.365002,45.942252,213,1,6030,,,11536,,22
238263,Madison Area Technical College,WI,55,2023,-89.327921,43.12183,13238,4,4780,,,12175,,647
240268,University of Wisconsin-Eau Claire,WI,55,2023,-91.501906,44.798284,9304,3,9277,22243,31482,15323,68,468
240277,University of Wisconsin-Green Bay,WI,55,2023,-87.919973,44.532298,9853,4,8342,21460,30047,10289,53,304
240329,University of Wisconsin-La Crosse,WI,55,2023,-91.23186,43.81568,9378,4,9651,19767,28807,13125,71,496
240444,University of Wisconsin-Madison,WI,55,2023,-89.404098,43.075409,36797,5,11205,28905,58303,14216,89,4248
240453,University of Wisconsin-Milwaukee,WI,55,2023,-87.880488,43.076848,18047,5,10020,25400,37400,16499,51,1139
491288,University of Wisconsin-Milwaukee Flex,WI,55,2023,-87.880488,43.076848,580,1,,,,,,12
240365,University of Wisconsin-Oshkosh,WI,55,2023,-88.549369,44.026206,12674,4,8212,21152,29065,12942,58,443
240374,University of Wisconsin-Parkside,WI,55,2023,-87.855231,42.647718,3263,2,7855,21895,30537,8778,40,170
491297,University of Wisconsin-Parkside Flex,WI,55,2023,-87.855007,42.645603,143,1,,,,,,2
240462,University of Wisconsin-Platteville,WI,55,2023,-90.48622,42.733451,6270,3,8315,22069,31028,15966,62,289
240471,University of Wisconsin-River Falls,WI,55,2023,-92.622641,44.8534,4675,3,8606,20404,28685,15242,61,259
240480,University of Wisconsin-Stevens Point,WI,55,2023,-89.570934,44.529582,7419,3,8834,20906,29926,14347,56,340
240417,University of Wisconsin-Stout,WI,55,2023,-91.926653,44.873187,6093,3,10142,23128,31692,15574,53,317
240426,University of Wisconsin-Superior,WI,55,2023,-92.091007,46.717629,2086,2,8487,22360,30273,13126,44,123
240189,University of Wisconsin-Whitewater,WI,55,2023,-88.742368,42.835563,9812,4,8250,19560,29226,13670,64,495
237215,Bluefield State University,WV,54,2023,-81.239037,37.265732,1249,2,10240,27067,34387,14500,35,74
237330,Concord University,WV,54,2023,-81.006696,37.423723,1472,2,9700,25982,36882,10630,42,114
237367,Fairmont State University,WV,54,2023,-80.162433,39.483079,3060,2,8454,22940,32858,10993,45,198
237385,Glenville State University,WV,54,2023,-80.834295,38.93547,1583,2,9412,25484,27212,16745,39,79
237525,Marshall University,WV,54,2023,-82.428964,38.422482,8235,4,8942,25294,36646,9734,49,896
237701,Potomac State College of West Virginia University,WV,54,2023,-78.981441,39.438323,1143,2,5040,21060,28644,7685,,54
237792,Shepherd University,WV,54,2023,-77.804101,39.433071,2906,2,8642,23516,33956,12651,49,161
237932,West Liberty University,WV,54,2023,-80.602256,40.164417,1944,2,8732,24550,32934,14203,56,179
237899,West Virginia State University,WV,54,2023,-81.765034,38.380541,3322,2,9049,25617,31191,10878,34,119
238032,West Virginia University,WV,54,2023,-79.954391,39.634371,18615,5,9648,27644,45356,13691,60,1495
237686,West Virginia University at Parkersburg,WV,54,2023,-81.506192,39.216379,2584,2,4420,,,3536,,110
237950,West Virginia University Institute of Technology,WV,54,2023,-81.184072,37.775924,1448,2,8064,25204,37260,11015,36,92
240514,Central Wyoming College,WY,56,2023,-108.426738,43.030556,2106,2,4680,18340,24640,10108,,76
240620,Laramie County Community College,WY,56,2023,-104.778789,41.104288,4008,2,4613,17485,23785,7131,,169
240657,Northwest College,WY,56,2023,-108.761853,44.760656,1379,2,4935,19035,25335,9254,,64
240727,University of Wyoming,WY,56,2023,-105.57931,41.311773,8250,4,6938,25868,41648,13299,60,728
240693,Western Wyoming Community College,WY,56,2023,-109.237126,41.590964,2464,2,4250,16860,23160,9799,,121
